-- ============================================================
-- Financial Ledger Mock — Seed Data
-- deepferry HTTP API datasource validation target
-- Uses INSERT IGNORE to make repeated startup safe (ddl-auto=update)
-- ============================================================

-- -----------------------------------------------------------
-- 1. Employees (6)
-- -----------------------------------------------------------
INSERT IGNORE INTO employee (id, emp_no, name, department, `position`, email, hire_date) VALUES
(1, 'E001', '张伟',  '财务部', '财务主管',   'zhangwei@example.com',   '2021-03-15'),
(2, 'E002', '王芳',  '财务部', '会计',       'wangfang@example.com',   '2022-07-01'),
(3, 'E003', '李娜',  '销售部', '销售经理',   'lina@example.com',       '2021-06-20'),
(4, 'E004', '赵强',  '销售部', '销售代表',   'zhaoqiang@example.com',  '2023-01-10'),
(5, 'E005', '陈明',  '技术部', '技术总监',   'chenming@example.com',   '2020-09-01'),
(6, 'E006', '刘洋',  '技术部', '高级工程师', 'liuyang@example.com',    '2023-04-15');

-- -----------------------------------------------------------
-- 2. VAT Invoices (8)
-- -----------------------------------------------------------
INSERT IGNORE INTO vat_invoice (id, invoice_no, invoice_code, invoice_type,
    seller_name, seller_tax_no, seller_address, seller_phone,
    buyer_name, buyer_tax_no,
    amount, tax_rate, tax_amount, total_amount, issue_date) VALUES
(1, 'INV-2026-001', '011002200110', '专票',
    '北京科技有限公司', '91110108MA01ABCD01', '北京市海淀区中关村大街1号', '010-88880001',
    '深圳深渡科技有限公司', '91440300MA02EFGH02',
    5000.00, 0.13, 650.00, 5650.00, '2026-06-02'),
(2, 'INV-2026-002', '021002200210', '专票',
    '上海信息技术有限公司', '91310115MA02ABCD02', '上海市浦东新区张江高科技园区', '021-66660002',
    '深圳深渡科技有限公司', '91440300MA02EFGH02',
    3000.00, 0.13, 390.00, 3390.00, '2026-06-05'),
(3, 'INV-2026-003', '031002200310', '普票',
    '广州办公用品有限公司', '91440101MA03ABCD03', '广州市天河区体育西路', '020-33330003',
    '深圳深渡科技有限公司', '91440300MA02EFGH02',
    800.00, 0.13, 104.00, 904.00, '2026-06-08'),
(4, 'INV-2026-004', '041002200410', '专票',
    '深圳电子科技有限公司', '91440300MA04ABCD04', '深圳市南山区科技园', '0755-22220004',
    '深圳深渡科技有限公司', '91440300MA02EFGH02',
    12000.00, 0.13, 1560.00, 13560.00, '2026-06-10'),
(5, 'INV-2026-005', '051002200510', '专票',
    '杭州网络技术有限公司', '91330100MA05ABCD05', '杭州市西湖区文三路', '0571-11110005',
    '深圳深渡科技有限公司', '91440300MA02EFGH02',
    2000.00, 0.06, 120.00, 2120.00, '2026-06-12'),
(6, 'INV-2026-006', '061002200610', '普票',
    '成都餐饮有限公司', '91510100MA06ABCD06', '成都市锦江区春熙路', '028-44440006',
    '深圳深渡科技有限公司', '91440300MA02EFGH02',
    2500.00, 0.06, 150.00, 2650.00, '2026-06-15'),
(7, 'INV-2026-007', '071002200710', '专票',
    '北京科技有限公司', '91110108MA01ABCD01', '北京市海淀区中关村大街1号', '010-88880001',
    '深圳深渡科技有限公司', '91440300MA02EFGH02',
    8000.00, 0.09, 720.00, 8720.00, '2026-06-18'),
(8, 'INV-2026-008', '081002200810', '普票',
    '南京咨询服务有限公司', '91320100MA08ABCD08', '南京市鼓楼区新模范马路', '025-55550008',
    '深圳深渡科技有限公司', '91440300MA02EFGH02',
    1500.00, 0.06, 90.00, 1590.00, '2026-06-20');

-- -----------------------------------------------------------
-- 3. Reimbursements (6)
-- -----------------------------------------------------------
INSERT IGNORE INTO reimbursement (id, reimb_no, employee_id, invoice_id, category, amount, description, status, apply_date, approved_by) VALUES
(1, 'RB-2026-0001', 3, 1, '差旅', 5650.00, '出差北京拜访客户，往返机票及住宿',        'approved', '2026-06-05', '李经理'),
(2, 'RB-2026-0002', 4, 2, '差旅', 3390.00, '出差上海参加行业展会，交通及住宿',        'pending',  '2026-06-10', NULL),
(3, 'RB-2026-0003', 1, 3, '办公', 904.00,  '采购办公文具及打印耗材',                    'paid',     '2026-06-08', '王主管'),
(4, 'RB-2026-0004', 6, 4, '培训', 13560.00,'参加人工智能技术培训课程费用',              'draft',    '2026-06-12', NULL),
(5, 'RB-2026-0005', 5, 5, '招待', 2120.00, '招待来访客户用餐',                          'rejected', '2026-06-15', '赵总监'),
(6, 'RB-2026-0006', 2, 6, '招待', 2650.00, '部门团建聚餐费用',                          'pending',  '2026-06-18', NULL);

-- -----------------------------------------------------------
-- 4. Vouchers (5) — each balanced: total_debit = total_credit
-- -----------------------------------------------------------
INSERT IGNORE INTO voucher (id, voucher_no, `period`, reimb_id, summary, total_debit, total_credit, posted_by, posted_date, status) VALUES
(1, 'FV-2026-06-0001', '2026-06', 1, '报销销售部李娜差旅费（北京出差）',         5650.00, 5650.00, '王芳', '2026-06-07', 'posted'),
(2, 'FV-2026-06-0002', '2026-06', 3, '报销财务部张伟办公用品采购费',              904.00,  904.00,  '王芳', '2026-06-10', 'audited'),
(3, 'FV-2026-06-0003', '2026-06', 2, '报销销售部赵强差旅费（上海参展）',         3390.00, 3390.00, '王芳', '2026-06-12', 'audited'),
(4, 'FV-2026-06-0004', '2026-06', 5, '报销技术部陈明招待费',                      2120.00, 2120.00, '王芳', '2026-06-17', 'unaudited'),
(5, 'FV-2026-06-0005', '2026-06', NULL,'计提2026年6月各部门工资',                  50000.00, 50000.00, '张伟', '2026-06-30', 'posted');

-- -----------------------------------------------------------
-- 5. Voucher Entries — debit = credit per voucher
-- -----------------------------------------------------------
-- Voucher 1: 5650.00 balanced
INSERT IGNORE INTO voucher_entry (id, voucher_id, line_no, account_code, account_name, debit, credit, auxiliary) VALUES
(1,  1, 1, '6601', '销售费用-差旅费', 5650.00, 0,       '销售部/李娜'),
(2,  1, 2, '1001', '库存现金',         0,       5650.00, NULL);

-- Voucher 2: 904.00 balanced
INSERT IGNORE INTO voucher_entry (id, voucher_id, line_no, account_code, account_name, debit, credit, auxiliary) VALUES
(3,  2, 1, '6602', '管理费用-办公费', 904.00,  0,       '财务部/张伟'),
(4,  2, 2, '1001', '库存现金',         0,       904.00, NULL);

-- Voucher 3: 3390.00 balanced
INSERT IGNORE INTO voucher_entry (id, voucher_id, line_no, account_code, account_name, debit, credit, auxiliary) VALUES
(5,  3, 1, '6601', '销售费用-差旅费', 3390.00, 0,       '销售部/赵强'),
(6,  3, 2, '1001', '库存现金',         0,       3390.00, NULL);

-- Voucher 4: 2120.00 balanced
INSERT IGNORE INTO voucher_entry (id, voucher_id, line_no, account_code, account_name, debit, credit, auxiliary) VALUES
(7,  4, 1, '6602', '管理费用-招待费', 2120.00, 0,       '技术部/陈明'),
(8,  4, 2, '1001', '库存现金',         0,       2120.00, NULL);

-- Voucher 5: 50000.00 balanced (multi-debit: 管理+销售+研发 → 应付)
INSERT IGNORE INTO voucher_entry (id, voucher_id, line_no, account_code, account_name, debit, credit, auxiliary) VALUES
(9,  5, 1, '6602', '管理费用-工资',   20000.00, 0,       '财务部'),
(10, 5, 2, '6601', '销售费用-工资',   15000.00, 0,       '销售部'),
(11, 5, 3, '5001', '研发支出-工资',   15000.00, 0,       '技术部'),
(12, 5, 4, '2202', '应付职工薪酬',    0,        50000.00, NULL);
